[
  {
    "Id": 357,
    "Make": "Toyota",
    "Model": "Camry Hybrid",
    "TravelledDistance": 486872832
  },
  {
    "Id": 715,
    "Make": "Toyota",
    "Model": "Camry Hybrid",
    "TravelledDistance": 486872832
  },
  {
    "Id": 1073,
    "Make": "Toyota",
    "Model": "Camry Hybrid",
    "TravelledDistance": 486872832
  },
  {
    "Id": 1431,
    "Make": "Toyota",
    "Model": "Camry Hybrid",
    "TravelledDistance": 486872832
  },
  {
    "Id": 1789,
    "Make": "Toyota",
    "Model": "Camry Hybrid",
    "TravelledDistance": 486872832
  },
  {
    "Id": 1718,
    "Make": "Toyota",
    "Model": "Camry Hybrid",
    "TravelledDistance": 397831570
  },
  {
    "Id": 1360,
    "Make": "Toyota",
    "Model": "Camry Hybrid",
    "TravelledDistance": 397831570
  },
  {
    "Id": 1002,
    "Make": "Toyota",
    "Model": "Camry Hybrid",
    "TravelledDistance": 397831570
  },
  {
    "Id": 644,
    "Make": "Toyota",
    "Model": "Camry Hybrid",
    "TravelledDistance": 397831570
  },
  {
    "Id": 286,
    "Make": "Toyota",
    "Model": "Camry Hybrid",
    "TravelledDistance": 397831570
  },
  {
    "Id": 353,
    "Make": "Toyota",
    "Model": "Camry Hybrid",
    "TravelledDistance": 217630531
  },
  {
    "Id": 711,
    "Make": "Toyota",
    "Model": "Camry Hybrid",
    "TravelledDistance": 217630531
  },
  {
    "Id": 1069,
    "Make": "Toyota",
    "Model": "Camry Hybrid",
    "TravelledDistance": 217630531
  },
  {
    "Id": 1427,
    "Make": "Toyota",
    "Model": "Camry Hybrid",
    "TravelledDistance": 217630531
  },
  {
    "Id": 1785,
    "Make": "Toyota",
    "Model": "Camry Hybrid",
    "TravelledDistance": 217630531
  },
  {
    "Id": 1744,
    "Make": "Toyota",
    "Model": "Camry Hybrid",
    "TravelledDistance": 193362513
  },
  {
    "Id": 1028,
    "Make": "Toyota",
    "Model": "Camry Hybrid",
    "TravelledDistance": 193362513
  },
  {
    "Id": 1386,
    "Make": "Toyota",
    "Model": "Camry Hybrid",
    "TravelledDistance": 193362513
  },
  {
    "Id": 670,
    "Make": "Toyota",
    "Model": "Camry Hybrid",
    "TravelledDistance": 193362513
  },
  {
    "Id": 312,
    "Make": "Toyota",
    "Model": "Camry Hybrid",
    "TravelledDistance": 193362513
  },
  {
    "Id": 336,
    "Make": "Toyota",
    "Model": "Camry Hybrid",
    "TravelledDistance": 151868293
  },
  {
    "Id": 694,
    "Make": "Toyota",
    "Model": "Camry Hybrid",
    "TravelledDistance": 151868293
  },
  {
    "Id": 1410,
    "Make": "Toyota",
    "Model": "Camry Hybrid",
    "TravelledDistance": 151868293
  },
  {
    "Id": 1052,
    "Make": "Toyota",
    "Model": "Camry Hybrid",
    "TravelledDistance": 151868293
  },
  {
    "Id": 1768,
    "Make": "Toyota",
    "Model": "Camry Hybrid",
    "TravelledDistance": 151868293
  },
  {
    "Id": 1782,
    "Make": "Toyota",
    "Model": "Corolla",
    "TravelledDistance": 485584239
  },
  {
    "Id": 1066,
    "Make": "Toyota",
    "Model": "Corolla",
    "TravelledDistance": 485584239
  },
  {
    "Id": 1424,
    "Make": "Toyota",
    "Model": "Corolla",
    "TravelledDistance": 485584239
  },
  {
    "Id": 708,
    "Make": "Toyota",
    "Model": "Corolla",
    "TravelledDistance": 485584239
  },
  {
    "Id": 350,
    "Make": "Toyota",
    "Model": "Corolla",
    "TravelledDistance": 485584239
  },
  {
    "Id": 316,
    "Make": "Toyota",
    "Model": "Corolla",
    "TravelledDistance": 356361379
  },
  {
    "Id": 674,
    "Make": "Toyota",
    "Model": "Corolla",
    "TravelledDistance": 356361379
  },
  {
    "Id": 1390,
    "Make": "Toyota",
    "Model": "Corolla",
    "TravelledDistance": 356361379
  },
  {
    "Id": 1032,
    "Make": "Toyota",
    "Model": "Corolla",
    "TravelledDistance": 356361379
  },
  {
    "Id": 1748,
    "Make": "Toyota",
    "Model": "Corolla",
    "TravelledDistance": 356361379
  },
  {
    "Id": 1778,
    "Make": "Toyota",
    "Model": "Corolla",
    "TravelledDistance": 333412512
  },
  {
    "Id": 1062,
    "Make": "Toyota",
    "Model": "Corolla",
    "TravelledDistance": 333412512
  },
  {
    "Id": 1420,
    "Make": "Toyota",
    "Model": "Corolla",
    "TravelledDistance": 333412512
  },
  {
    "Id": 704,
    "Make": "Toyota",
    "Model": "Corolla",
    "TravelledDistance": 333412512
  },
  {
    "Id": 346,
    "Make": "Toyota",
    "Model": "Corolla",
    "TravelledDistance": 333412512
  },
  {
    "Id": 337,
    "Make": "Toyota",
    "Model": "Corolla",
    "TravelledDistance": 230556000
  },
  {
    "Id": 695,
    "Make": "Toyota",
    "Model": "Corolla",
    "TravelledDistance": 230556000
  },
  {
    "Id": 1411,
    "Make": "Toyota",
    "Model": "Corolla",
    "TravelledDistance": 230556000
  },
  {
    "Id": 1053,
    "Make": "Toyota",
    "Model": "Corolla",
    "TravelledDistance": 230556000
  },
  {
    "Id": 1769,
    "Make": "Toyota",
    "Model": "Corolla",
    "TravelledDistance": 230556000
  },
  {
    "Id": 1780,
    "Make": "Toyota",
    "Model": "Corolla",
    "TravelledDistance": 196587490
  },
  {
    "Id": 1064,
    "Make": "Toyota",
    "Model": "Corolla",
    "TravelledDistance": 196587490
  },
  {
    "Id": 1422,
    "Make": "Toyota",
    "Model": "Corolla",
    "TravelledDistance": 196587490
  },
  {
    "Id": 706,
    "Make": "Toyota",
    "Model": "Corolla",
    "TravelledDistance": 196587490
  },
  {
    "Id": 348,
    "Make": "Toyota",
    "Model": "Corolla",
    "TravelledDistance": 196587490
  },
  {
    "Id": 355,
    "Make": "Toyota",
    "Model": "Corolla",
    "TravelledDistance": 172436753
  },
  {
    "Id": 1071,
    "Make": "Toyota",
    "Model": "Corolla",
    "TravelledDistance": 172436753
  },
  {
    "Id": 713,
    "Make": "Toyota",
    "Model": "Corolla",
    "TravelledDistance": 172436753
  },
  {
    "Id": 1429,
    "Make": "Toyota",
    "Model": "Corolla",
    "TravelledDistance": 172436753
  },
  {
    "Id": 1787,
    "Make": "Toyota",
    "Model": "Corolla",
    "TravelledDistance": 172436753
  },
  {
    "Id": 1753,
    "Make": "Toyota",
    "Model": "Prius",
    "TravelledDistance": 508864707
  },
  {
    "Id": 1037,
    "Make": "Toyota",
    "Model": "Prius",
    "TravelledDistance": 508864707
  },
  {
    "Id": 1395,
    "Make": "Toyota",
    "Model": "Prius",
    "TravelledDistance": 508864707
  },
  {
    "Id": 321,
    "Make": "Toyota",
    "Model": "Prius",
    "TravelledDistance": 508864707
  },
  {
    "Id": 679,
    "Make": "Toyota",
    "Model": "Prius",
    "TravelledDistance": 508864707
  },
  {
    "Id": 698,
    "Make": "Toyota",
    "Model": "Prius",
    "TravelledDistance": 424624116
  },
  {
    "Id": 340,
    "Make": "Toyota",
    "Model": "Prius",
    "TravelledDistance": 424624116
  },
  {
    "Id": 1414,
    "Make": "Toyota",
    "Model": "Prius",
    "TravelledDistance": 424624116
  },
  {
    "Id": 1056,
    "Make": "Toyota",
    "Model": "Prius",
    "TravelledDistance": 424624116
  },
  {
    "Id": 1772,
    "Make": "Toyota",
    "Model": "Prius",
    "TravelledDistance": 424624116
  },
  {
    "Id": 1770,
    "Make": "Toyota",
    "Model": "Prius",
    "TravelledDistance": 332788407
  },
  {
    "Id": 1054,
    "Make": "Toyota",
    "Model": "Prius",
    "TravelledDistance": 332788407
  },
  {
    "Id": 1412,
    "Make": "Toyota",
    "Model": "Prius",
    "TravelledDistance": 332788407
  },
  {
    "Id": 338,
    "Make": "Toyota",
    "Model": "Prius",
    "TravelledDistance": 332788407
  },
  {
    "Id": 696,
    "Make": "Toyota",
    "Model": "Prius",
    "TravelledDistance": 332788407
  },
  {
    "Id": 352,
    "Make": "Toyota",
    "Model": "Prius",
    "TravelledDistance": 280666484
  },
  {
    "Id": 710,
    "Make": "Toyota",
    "Model": "Prius",
    "TravelledDistance": 280666484
  },
  {
    "Id": 1068,
    "Make": "Toyota",
    "Model": "Prius",
    "TravelledDistance": 280666484
  },
  {
    "Id": 1426,
    "Make": "Toyota",
    "Model": "Prius",
    "TravelledDistance": 280666484
  },
  {
    "Id": 1784,
    "Make": "Toyota",
    "Model": "Prius",
    "TravelledDistance": 280666484
  },
  {
    "Id": 1777,
    "Make": "Toyota",
    "Model": "Prius",
    "TravelledDistance": 208912076
  },
  {
    "Id": 1419,
    "Make": "Toyota",
    "Model": "Prius",
    "TravelledDistance": 208912076
  },
  {
    "Id": 1061,
    "Make": "Toyota",
    "Model": "Prius",
    "TravelledDistance": 208912076
  },
  {
    "Id": 703,
    "Make": "Toyota",
    "Model": "Prius",
    "TravelledDistance": 208912076
  },
  {
    "Id": 345,
    "Make": "Toyota",
    "Model": "Prius",
    "TravelledDistance": 208912076
  },
  {
    "Id": 288,
    "Make": "Toyota",
    "Model": "Prius",
    "TravelledDistance": 191675886
  },
  {
    "Id": 646,
    "Make": "Toyota",
    "Model": "Prius",
    "TravelledDistance": 191675886
  },
  {
    "Id": 1004,
    "Make": "Toyota",
    "Model": "Prius",
    "TravelledDistance": 191675886
  },
  {
    "Id": 1362,
    "Make": "Toyota",
    "Model": "Prius",
    "TravelledDistance": 191675886
  },
  {
    "Id": 1720,
    "Make": "Toyota",
    "Model": "Prius",
    "TravelledDistance": 191675886
  },
  {
    "Id": 1749,
    "Make": "Toyota",
    "Model": "Prius",
    "TravelledDistance": 142914233
  },
  {
    "Id": 1391,
    "Make": "Toyota",
    "Model": "Prius",
    "TravelledDistance": 142914233
  },
  {
    "Id": 1033,
    "Make": "Toyota",
    "Model": "Prius",
    "TravelledDistance": 142914233
  },
  {
    "Id": 675,
    "Make": "Toyota",
    "Model": "Prius",
    "TravelledDistance": 142914233
  },
  {
    "Id": 317,
    "Make": "Toyota",
    "Model": "Prius",
    "TravelledDistance": 142914233
  },
  {
    "Id": 335,
    "Make": "Toyota",
    "Model": "Prius",
    "TravelledDistance": 141313729
  },
  {
    "Id": 693,
    "Make": "Toyota",
    "Model": "Prius",
    "TravelledDistance": 141313729
  },
  {
    "Id": 1051,
    "Make": "Toyota",
    "Model": "Prius",
    "TravelledDistance": 141313729
  },
  {
    "Id": 1409,
    "Make": "Toyota",
    "Model": "Prius",
    "TravelledDistance": 141313729
  },
  {
    "Id": 1767,
    "Make": "Toyota",
    "Model": "Prius",
    "TravelledDistance": 141313729
  },
  {
    "Id": 1746,
    "Make": "Toyota",
    "Model": "Prius",
    "TravelledDistance": 126607020
  },
  {
    "Id": 1388,
    "Make": "Toyota",
    "Model": "Prius",
    "TravelledDistance": 126607020
  },
  {
    "Id": 1030,
    "Make": "Toyota",
    "Model": "Prius",
    "TravelledDistance": 126607020
  },
  {
    "Id": 672,
    "Make": "Toyota",
    "Model": "Prius",
    "TravelledDistance": 126607020
  },
  {
    "Id": 314,
    "Make": "Toyota",
    "Model": "Prius",
    "TravelledDistance": 126607020
  },
  {
    "Id": 349,
    "Make": "Toyota",
    "Model": "Prius",
    "TravelledDistance": 78228066
  },
  {
    "Id": 707,
    "Make": "Toyota",
    "Model": "Prius",
    "TravelledDistance": 78228066
  },
  {
    "Id": 1065,
    "Make": "Toyota",
    "Model": "Prius",
    "TravelledDistance": 78228066
  },
  {
    "Id": 1423,
    "Make": "Toyota",
    "Model": "Prius",
    "TravelledDistance": 78228066
  },
  {
    "Id": 1781,
    "Make": "Toyota",
    "Model": "Prius",
    "TravelledDistance": 78228066
  },
  {
    "Id": 1430,
    "Make": "Toyota",
    "Model": "Prius",
    "TravelledDistance": 65891391
  },
  {
    "Id": 1788,
    "Make": "Toyota",
    "Model": "Prius",
    "TravelledDistance": 65891391
  },
  {
    "Id": 1072,
    "Make": "Toyota",
    "Model": "Prius",
    "TravelledDistance": 65891391
  },
  {
    "Id": 714,
    "Make": "Toyota",
    "Model": "Prius",
    "TravelledDistance": 65891391
  },
  {
    "Id": 356,
    "Make": "Toyota",
    "Model": "Prius",
    "TravelledDistance": 65891391
  },
  {
    "Id": 319,
    "Make": "Toyota",
    "Model": "Prius",
    "TravelledDistance": 64266329
  },
  {
    "Id": 677,
    "Make": "Toyota",
    "Model": "Prius",
    "TravelledDistance": 64266329
  },
  {
    "Id": 1035,
    "Make": "Toyota",
    "Model": "Prius",
    "TravelledDistance": 64266329
  },
  {
    "Id": 1393,
    "Make": "Toyota",
    "Model": "Prius",
    "TravelledDistance": 64266329
  },
  {
    "Id": 1751,
    "Make": "Toyota",
    "Model": "Prius",
    "TravelledDistance": 64266329
  },
  {
    "Id": 1774,
    "Make": "Toyota",
    "Model": "Prius",
    "TravelledDistance": 8676482
  },
  {
    "Id": 1416,
    "Make": "Toyota",
    "Model": "Prius",
    "TravelledDistance": 8676482
  },
  {
    "Id": 1058,
    "Make": "Toyota",
    "Model": "Prius",
    "TravelledDistance": 8676482
  },
  {
    "Id": 700,
    "Make": "Toyota",
    "Model": "Prius",
    "TravelledDistance": 8676482
  },
  {
    "Id": 342,
    "Make": "Toyota",
    "Model": "Prius",
    "TravelledDistance": 8676482
  },
  {
    "Id": 320,
    "Make": "Toyota",
    "Model": "Tacoma",
    "TravelledDistance": 431663130
  },
  {
    "Id": 678,
    "Make": "Toyota",
    "Model": "Tacoma",
    "TravelledDistance": 431663130
  },
  {
    "Id": 1036,
    "Make": "Toyota",
    "Model": "Tacoma",
    "TravelledDistance": 431663130
  },
  {
    "Id": 1394,
    "Make": "Toyota",
    "Model": "Tacoma",
    "TravelledDistance": 431663130
  },
  {
    "Id": 1752,
    "Make": "Toyota",
    "Model": "Tacoma",
    "TravelledDistance": 431663130
  },
  {
    "Id": 1750,
    "Make": "Toyota",
    "Model": "Tacoma",
    "TravelledDistance": 426059006
  },
  {
    "Id": 1392,
    "Make": "Toyota",
    "Model": "Tacoma",
    "TravelledDistance": 426059006
  },
  {
    "Id": 1034,
    "Make": "Toyota",
    "Model": "Tacoma",
    "TravelledDistance": 426059006
  },
  {
    "Id": 676,
    "Make": "Toyota",
    "Model": "Tacoma",
    "TravelledDistance": 426059006
  },
  {
    "Id": 318,
    "Make": "Toyota",
    "Model": "Tacoma",
    "TravelledDistance": 426059006
  },
  {
    "Id": 341,
    "Make": "Toyota",
    "Model": "Tacoma",
    "TravelledDistance": 425742267
  },
  {
    "Id": 699,
    "Make": "Toyota",
    "Model": "Tacoma",
    "TravelledDistance": 425742267
  },
  {
    "Id": 1057,
    "Make": "Toyota",
    "Model": "Tacoma",
    "TravelledDistance": 425742267
  },
  {
    "Id": 1415,
    "Make": "Toyota",
    "Model": "Tacoma",
    "TravelledDistance": 425742267
  },
  {
    "Id": 1773,
    "Make": "Toyota",
    "Model": "Tacoma",
    "TravelledDistance": 425742267
  },
  {
    "Id": 1428,
    "Make": "Toyota",
    "Model": "Tacoma",
    "TravelledDistance": 328571532
  },
  {
    "Id": 1786,
    "Make": "Toyota",
    "Model": "Tacoma",
    "TravelledDistance": 328571532
  },
  {
    "Id": 1070,
    "Make": "Toyota",
    "Model": "Tacoma",
    "TravelledDistance": 328571532
  },
  {
    "Id": 712,
    "Make": "Toyota",
    "Model": "Tacoma",
    "TravelledDistance": 328571532
  },
  {
    "Id": 354,
    "Make": "Toyota",
    "Model": "Tacoma",
    "TravelledDistance": 328571532
  },
  {
    "Id": 344,
    "Make": "Toyota",
    "Model": "Tacoma",
    "TravelledDistance": 174113404
  },
  {
    "Id": 702,
    "Make": "Toyota",
    "Model": "Tacoma",
    "TravelledDistance": 174113404
  },
  {
    "Id": 1060,
    "Make": "Toyota",
    "Model": "Tacoma",
    "TravelledDistance": 174113404
  },
  {
    "Id": 1418,
    "Make": "Toyota",
    "Model": "Tacoma",
    "TravelledDistance": 174113404
  },
  {
    "Id": 1776,
    "Make": "Toyota",
    "Model": "Tacoma",
    "TravelledDistance": 174113404
  },
  {
    "Id": 1719,
    "Make": "Toyota",
    "Model": "Tacoma",
    "TravelledDistance": 157810668
  },
  {
    "Id": 1361,
    "Make": "Toyota",
    "Model": "Tacoma",
    "TravelledDistance": 157810668
  },
  {
    "Id": 1003,
    "Make": "Toyota",
    "Model": "Tacoma",
    "TravelledDistance": 157810668
  },
  {
    "Id": 645,
    "Make": "Toyota",
    "Model": "Tacoma",
    "TravelledDistance": 157810668
  },
  {
    "Id": 287,
    "Make": "Toyota",
    "Model": "Tacoma",
    "TravelledDistance": 157810668
  },
  {
    "Id": 351,
    "Make": "Toyota",
    "Model": "Tacoma",
    "TravelledDistance": 147379564
  },
  {
    "Id": 709,
    "Make": "Toyota",
    "Model": "Tacoma",
    "TravelledDistance": 147379564
  },
  {
    "Id": 1067,
    "Make": "Toyota",
    "Model": "Tacoma",
    "TravelledDistance": 147379564
  },
  {
    "Id": 1425,
    "Make": "Toyota",
    "Model": "Tacoma",
    "TravelledDistance": 147379564
  },
  {
    "Id": 1783,
    "Make": "Toyota",
    "Model": "Tacoma",
    "TravelledDistance": 147379564
  },
  {
    "Id": 1747,
    "Make": "Toyota",
    "Model": "Tacoma",
    "TravelledDistance": 89596390
  },
  {
    "Id": 1389,
    "Make": "Toyota",
    "Model": "Tacoma",
    "TravelledDistance": 89596390
  },
  {
    "Id": 1031,
    "Make": "Toyota",
    "Model": "Tacoma",
    "TravelledDistance": 89596390
  },
  {
    "Id": 673,
    "Make": "Toyota",
    "Model": "Tacoma",
    "TravelledDistance": 89596390
  },
  {
    "Id": 315,
    "Make": "Toyota",
    "Model": "Tacoma",
    "TravelledDistance": 89596390
  },
  {
    "Id": 347,
    "Make": "Toyota",
    "Model": "Yaris",
    "TravelledDistance": 439493520
  },
  {
    "Id": 705,
    "Make": "Toyota",
    "Model": "Yaris",
    "TravelledDistance": 439493520
  },
  {
    "Id": 1063,
    "Make": "Toyota",
    "Model": "Yaris",
    "TravelledDistance": 439493520
  },
  {
    "Id": 1421,
    "Make": "Toyota",
    "Model": "Yaris",
    "TravelledDistance": 439493520
  },
  {
    "Id": 1779,
    "Make": "Toyota",
    "Model": "Yaris",
    "TravelledDistance": 439493520
  },
  {
    "Id": 1756,
    "Make": "Toyota",
    "Model": "Yaris",
    "TravelledDistance": 285031257
  },
  {
    "Id": 1398,
    "Make": "Toyota",
    "Model": "Yaris",
    "TravelledDistance": 285031257
  },
  {
    "Id": 1040,
    "Make": "Toyota",
    "Model": "Yaris",
    "TravelledDistance": 285031257
  },
  {
    "Id": 682,
    "Make": "Toyota",
    "Model": "Yaris",
    "TravelledDistance": 285031257
  },
  {
    "Id": 324,
    "Make": "Toyota",
    "Model": "Yaris",
    "TravelledDistance": 285031257
  },
  {
    "Id": 343,
    "Make": "Toyota",
    "Model": "Yaris",
    "TravelledDistance": 18776234
  },
  {
    "Id": 701,
    "Make": "Toyota",
    "Model": "Yaris",
    "TravelledDistance": 18776234
  },
  {
    "Id": 1059,
    "Make": "Toyota",
    "Model": "Yaris",
    "TravelledDistance": 18776234
  },
  {
    "Id": 1417,
    "Make": "Toyota",
    "Model": "Yaris",
    "TravelledDistance": 18776234
  },
  {
    "Id": 1775,
    "Make": "Toyota",
    "Model": "Yaris",
    "TravelledDistance": 18776234
  },
  {
    "Id": 1771,
    "Make": "Toyota",
    "Model": "Yaris",
    "TravelledDistance": 17169781
  },
  {
    "Id": 1413,
    "Make": "Toyota",
    "Model": "Yaris",
    "TravelledDistance": 17169781
  },
  {
    "Id": 1055,
    "Make": "Toyota",
    "Model": "Yaris",
    "TravelledDistance": 17169781
  },
  {
    "Id": 697,
    "Make": "Toyota",
    "Model": "Yaris",
    "TravelledDistance": 17169781
  },
  {
    "Id": 339,
    "Make": "Toyota",
    "Model": "Yaris",
    "TravelledDistance": 17169781
  }
]